<?xml version="1.0" encoding="UTF-8"?>
<project-private xmlns="http://www.netbeans.org/ns/project-private/1">
    <editor-bookmarks xmlns="http://www.netbeans.org/ns/editor-bookmarks/2" lastBookmarkId="0"/>
    <open-files xmlns="http://www.netbeans.org/ns/projectui-open-files/2">
        <group>
            <file>file:/home/juan/NetBeansProjects/SaleMaster/src/salemaster/SaleMaster.java</file>
            <file>file:/home/juan/NetBeansProjects/SaleMaster/src/salemaster/Login.java</file>
            <file>file:/home/juan/NetBeansProjects/SaleMaster/src/salemaster/Ticket.java</file>
            <file>file:/home/juan/NetBeansProjects/SaleMaster/src/servicios/Paquetes_servicios.java</file>
            <file>file:/home/juan/NetBeansProjects/SaleMaster/src/servicios/Empleado_servicios.java</file>
            <file>file:/home/juan/NetBeansProjects/SaleMaster/src/modelos/Suburban.java</file>
            <file>file:/home/juan/NetBeansProjects/SaleMaster/src/salemaster/Menu.java</file>
            <file>file:/home/juan/NetBeansProjects/SaleMaster/src/salemaster/Logo.png</file>
            <file>file:/home/juan/NetBeansProjects/SaleMaster/src/salemaster/Ventas.java</file>
            <file>file:/home/juan/NetBeansProjects/SaleMaster/src/salemaster/Registrar.java</file>
            <file>file:/home/juan/NetBeansProjects/SaleMaster/src/salemaster/Paqueteria.java</file>
            <file>file:/home/juan/NetBeansProjects/SaleMaster/src/modelos/Boleto.java</file>
            <file>file:/home/juan/NetBeansProjects/SaleMaster/src/servicios/Conexion.java</file>
            <file>file:/home/juan/NetBeansProjects/SaleMaster/src/salemaster/Acceder.java</file>
            <file>file:/home/juan/NetBeansProjects/SaleMaster/src/salemaster/Sin%20nombre.png</file>
            <file>file:/home/juan/NetBeansProjects/SaleMaster/src/salemaster/Listar_empleados.java</file>
        </group>
    </open-files>
</project-private>
