<?xml version="1.0" encoding="UTF-8"?>
<project-private xmlns="http://www.netbeans.org/ns/project-private/1">
    <editor-bookmarks xmlns="http://www.netbeans.org/ns/editor-bookmarks/2" lastBookmarkId="0"/>
    <open-files xmlns="http://www.netbeans.org/ns/projectui-open-files/2">
        <group>
            <file>file:/home/juan/NetBeansProjects/SaleMaster/src/modelos/Suburban.java</file>
            <file>file:/home/juan/NetBeansProjects/SaleMaster/src/servicios/Boleto_servicios.java</file>
            <file>file:/home/juan/NetBeansProjects/SaleMaster/src/servicios/Suburban_servicios.java</file>
            <file>file:/home/juan/NetBeansProjects/SaleMaster/src/salemaster/Ventas.java</file>
            <file>file:/home/juan/NetBeansProjects/SaleMaster/src/salemaster/Paqueteria.java</file>
            <file>file:/home/juan/NetBeansProjects/SaleMaster/src/salemaster/Acceder.java</file>
            <file>file:/home/juan/NetBeansProjects/SaleMaster/src/servicios/Paquetes_servicios.java</file>
            <file>file:/home/juan/NetBeansProjects/SaleMaster/src/modelos/Boleto.java</file>
            <file>file:/home/juan/NetBeansProjects/SaleMaster/src/servicios/Empleado_servicios.java</file>
            <file>file:/home/juan/NetBeansProjects/SaleMaster/src/modelos/Empleado.java</file>
        </group>
    </open-files>
</project-private>
